{
    "entropy": [
        0.2690626084804535
    ],
    "logp_diff": [
        0.0008198822796844341
    ],
    "pg_loss": [
        0.0003892270145037316 
    ],
    "grad_norm": [
        0.05544374180907549
    ]
}