{
    "entropy": [
        0.3212299048900604
    ],
    "logp_diff": [
        0.0007989658624865115
    ],
    "pg_loss": [
        5.805597174912691e-05
    ],
    "grad_norm": [
        0.027281682938337326
    ]
}
