{
    "entropy": [
        0.3210872709751129
    ],
    "logp_diff": [
        0.0008212564862333238
    ],
    "pg_loss": [
        5.805597174912691e-05
    ],
    "grad_norm": [
        0.027281682938337326
    ]
}
