{
    "entropy": [
        0.3207831382751465
    ],
    "logp_diff": [
        0.0008248782833106816
    ],
    "pg_loss": [
        5.805597174912691e-05
    ],
    "grad_norm": [
        0.027281682938337326
    ]
}
