{
    "entropy": [
        0.3215837776660919
    ],
    "logp_diff": [
        0.0008566137403249741
    ],
    "pg_loss": [
        5.805597174912691e-05
    ],
    "grad_norm": [
        0.027281682938337326
    ]
}
